x,y,z,uuid,type,alive,display_name,custom_name
87.28941926947381,56.0,-7.730300727162887,380df991-f603-344c-a090-369bad2a924a,minecraft:player,true,Dev,[null]
-121.66041209997312,77.0849884290313,-208.57995600247116,0e1d22ac-01ef-455d-addc-8e3da4f6f34c,minecraft:small_fireball,true,Small Fireball,[null]
-101.64403893615479,93.5094942809006,-209.14575172176242,f6702b20-4421-46aa-a8a3-8b6607c233d7,minecraft:small_fireball,true,Small Fireball,[null]
-80.04875256819103,95.40105117193102,-209.02960797335913,a7c897c2-e5f5-4f33-841c-1d2a2fb20c73,minecraft:small_fireball,true,Small Fireball,[null]
-128.06893691280175,73.60249236922283,-153.22921524263552,5d780f12-a83d-4f9a-884c-8b11b415647e,minecraft:small_fireball,true,Small Fireball,[null]
